".Ulysses-Group","../content/.Ulysses-Group.plist",
".Ulysses-Settings","../content/.Ulysses-Settings.plist",
"about","../content/about.md",
"artist","Artist","Electronic","/images/1920x1080ori.jpg","Description of an artist.","artist","../content/disciplines/artist.md",
"designer","Designer","Graphics, Visual, Interaction","/images/1920x1080ori.jpg","Description of a Designer.","designer","../content/disciplines/designer.md",
"educator","Educator","Adjunct Professor of Interaction Design","/images/1920x1080ori.jpg","Description of an educator.","educator","../content/disciplines/educator.md",
"engineer","Engineer","Software and Front-end","/images/1920x1080ori.jpg","Description of an engineer.","engineer","../content/disciplines/engineer.md",
"entrepreneur","Entrepreneur","Serial Startups","/images/1920x1080ori.jpg","Description of an Entrepreneur.","entrepreneur","../content/disciplines/entrepreneur.md",
"photographer","Photorapher","Editorial and Portrait","/images/1920x1080ori.jpg","Description of a photographer.","photographer","../content/disciplines/photographer.md",
"index","../content/index.md",
"project-2","Balance Table","Gregory Cowley","2020-04-28T00:00:00.000Z","/images/1920x1080.jpg",[{"src":"/images/180x101ori.jpg"},{"src":"/images/180x101ori.jpg"},{"src":"/images/180x101ori.jpg"}],"../content/mock/project-2.md",
".DS_Store","../content/projects/.DS_Store",
".Ulysses-Group","../content/projects/.Ulysses-Group.plist",
"0-selectprojects","Select Projects",null,null,"A subtitle","Gregory Cowley","2020-04-28T00:00:00.000Z","/images/1920x1080.jpg","design","select-projects","Fermentum aliquam mi quisque aenean auctor risus interdum quam ac placerat duis penatibus, pulvinar ad mus vivamus leo at sem nullam nisl aliquet. Feugiat dis litora maecenas adipiscing cubilia vestibulum, purus nunc congue hendrerit sociosqu. Diam posuere lacus tincidunt commodo natoque lorem metus nec mollis, inceptos turpis luctus proin dapibus varius nunc nam mauris, sagittis aliquet sed nostra dignissim risus aenean volutpat.",[{"src":"/images/180x101ori.jpg"},{"src":"/images/180x101ori.jpg"},{"src":"/images/180x101ori.jpg"}],"../content/projects/0-selectprojects.md",
"11inc-thedoctorscompany","The Doctors Company",null,null,"A subtitle","Gregory Cowley","2020-04-28T00:00:00.000Z","/images/1920x1080.jpg","design","11inc-thedoctorscompany","Fermentum aliquam mi quisque aenean auctor risus interdum quam ac placerat duis penatibus, pulvinar ad mus vivamus leo at sem nullam nisl aliquet. Feugiat dis litora maecenas adipiscing cubilia vestibulum, purus nunc congue hendrerit sociosqu. Diam posuere lacus tincidunt commodo natoque lorem metus nec mollis, inceptos turpis luctus proin dapibus varius nunc nam mauris, sagittis aliquet sed nostra dignissim risus aenean volutpat.",[{"src":"/images/180x101ori.jpg"},{"src":"/images/180x101ori.jpg"},{"src":"/images/180x101ori.jpg"}],"../content/projects/11inc-thedoctorscompany.md",
"300feetout-shantimaurice","Shanti Maurice",null,null,"A subtitle","Gregory Cowley","2020-04-28T00:00:00.000Z","/images/1920x1080.jpg","design","shanti-maurice","Fermentum aliquam mi quisque aenean auctor risus interdum quam ac placerat duis penatibus, pulvinar ad mus vivamus leo at sem nullam nisl aliquet. Feugiat dis litora maecenas adipiscing cubilia vestibulum, purus nunc congue hendrerit sociosqu. Diam posuere lacus tincidunt commodo natoque lorem metus nec mollis, inceptos turpis luctus proin dapibus varius nunc nam mauris, sagittis aliquet sed nostra dignissim risus aenean volutpat.",[{"src":"/images/180x101ori.jpg"},{"src":"/images/180x101ori.jpg"},{"src":"/images/180x101ori.jpg"}],"../content/projects/300feetout-shantimaurice.md",
"3feet-openwave","Balance Table",null,null,"A subtitle","Gregory Cowley","2020-04-28T00:00:00.000Z","/images/1920x1080.jpg","design","3feet-openwave","A short description",[{"src":"/images/180x101ori.jpg"},{"src":"/images/180x101ori.jpg"},{"src":"/images/180x101ori.jpg"}],"../content/projects/3feet-openwave.md",
"3feetofftheground","3FeetOffTheGround",null,null,"A subtitle","Gregory Cowley","2020-04-28T00:00:00.000Z","/images/1920x1080.jpg","design","3FeetOffTheGround","Fermentum aliquam mi quisque aenean auctor risus interdum quam ac placerat duis penatibus, pulvinar ad mus vivamus leo at sem nullam nisl aliquet. Feugiat dis litora maecenas adipiscing cubilia vestibulum, purus nunc congue hendrerit sociosqu. Diam posuere lacus tincidunt commodo natoque lorem metus nec mollis, inceptos turpis luctus proin dapibus varius nunc nam mauris, sagittis aliquet sed nostra dignissim risus aenean volutpat.",[{"src":"/images/180x101ori.jpg"},{"src":"/images/180x101ori.jpg"},{"src":"/images/180x101ori.jpg"}],"../content/projects/3feetofftheground.md",
"allergybookcompany","Allergy Book Company",null,null,"A subtitle","Gregory Cowley","2020-04-28T00:00:00.000Z","/images/1920x1080.jpg","design","allergy-book","Fermentum aliquam mi quisque aenean auctor risus interdum quam ac placerat duis penatibus, pulvinar ad mus vivamus leo at sem nullam nisl aliquet. Feugiat dis litora maecenas adipiscing cubilia vestibulum, purus nunc congue hendrerit sociosqu. Diam posuere lacus tincidunt commodo natoque lorem metus nec mollis, inceptos turpis luctus proin dapibus varius nunc nam mauris, sagittis aliquet sed nostra dignissim risus aenean volutpat.",[{"src":"/images/180x101ori.jpg"},{"src":"/images/180x101ori.jpg"},{"src":"/images/180x101ori.jpg"}],"../content/projects/allergybookcompany.md",
"california-college-of-the-arts","California College of the Arts","Teaching Digitial Tools to Design Students","Gregory Cowley","2020-04-28T00:00:00.000Z","/images/1920x1080ori.jpg","design","cca","For ten years I thought graphic, industrial, and interior design students the tools they would need to create interactive experiences.",[{"src":"/images/180x101ori.jpg"},{"src":"/images/180x101ori.jpg"},{"src":"/images/180x101ori.jpg"}],"../content/projects/artist/california-college-of-the-arts.md",
"capacitor","Capacitor","A subtitle","Gregory Cowley","2020-04-28T00:00:00.000Z","/images/1920x1080ori.jpg","design","capacitor","Fermentum aliquam mi quisque aenean auctor risus interdum quam ac placerat duis penatibus, pulvinar ad mus vivamus leo at sem nullam nisl aliquet. Feugiat dis litora maecenas adipiscing cubilia vestibulum, purus nunc congue hendrerit sociosqu. Diam posuere lacus tincidunt commodo natoque lorem metus nec mollis, inceptos turpis luctus proin dapibus varius nunc nam mauris, sagittis aliquet sed nostra dignissim risus aenean volutpat.",[{"src":"/images/180x101ori.jpg"},{"src":"/images/180x101ori.jpg"},{"src":"/images/180x101ori.jpg"}],"../content/projects/artist/capacitor.md",
"chronopolis","Chronopolis","Large Scale Interctive Installation in Paris","Gregory Cowley","2020-04-28T00:00:00.000Z","/images/1920x1080ori.jpg","design","chronoloplis","Amet dictum potenti lorem diam odio turpis Amet dictum potenti lorem diam odio turpis",[{"src":"/images/180x101ori.jpg"},{"src":"/images/180x101ori.jpg"},{"src":"/images/180x101ori.jpg"}],"../content/projects/artist/chronopolis.md",
"cncmachine","CNC Machine","A subtitle","Gregory Cowley","2020-04-28T00:00:00.000Z","/images/1920x1080ori.jpg","design","cnc-machine","Urna sociosqu quam ad scelerisque facilisi dapibus arcu lacinia, nullam torquent lectus semper sem lacus rhoncus integer, cubilia consequat nibh dignissim mollis ipsum eu. Nisi fames semper dis id tellus ut, sociosqu integer sollicitudin fringilla senectus eros cum, ornare mi nibh tortor facilisi. Venenatis semper lacus sagittis suspendisse sem tincidunt dolor fames, ad natoque sociis magna a tempus aptent curabitur proin, porta ipsum elementum hendrerit duis cras euismod.",[{"src":"/images/180x101ori.jpg"},{"src":"/images/180x101ori.jpg"},{"src":"/images/180x101ori.jpg"}],"../content/projects/artist/cncmachine.md",
"countless","Countless","A subtitle","Gregory Cowley","2020-04-28T00:00:00.000Z","/images/1920x1080ori.jpg","design","countless","Urna sociosqu quam ad scelerisque facilisi dapibus arcu lacinia, nullam torquent lectus semper sem lacus rhoncus integer, cubilia consequat nibh dignissim mollis ipsum eu. Nisi fames semper dis id tellus ut, sociosqu integer sollicitudin fringilla senectus eros cum, ornare mi nibh tortor facilisi. Venenatis semper lacus sagittis suspendisse sem tincidunt dolor fames, ad natoque sociis magna a tempus aptent curabitur proin, porta ipsum elementum hendrerit duis cras euismod.",[{"src":"/images/180x101ori.jpg"},{"src":"/images/180x101ori.jpg"},{"src":"/images/180x101ori.jpg"}],"../content/projects/artist/countless.md",
"mpps","MPPS: The Mobile Phone Photo Show","A subtitle","Gregory Cowley","2020-04-28T00:00:00.000Z","/images/1920x1080ori.jpg","design","mpps","Urna sociosqu quam ad scelerisque facilisi dapibus arcu lacinia, nullam torquent lectus semper sem lacus rhoncus integer, cubilia consequat nibh dignissim mollis ipsum eu. Nisi fames semper dis id tellus ut, sociosqu integer sollicitudin fringilla senectus eros cum, ornare mi nibh tortor facilisi. Venenatis semper lacus sagittis suspendisse sem tincidunt dolor fames, ad natoque sociis magna a tempus aptent curabitur proin, porta ipsum elementum hendrerit duis cras euismod.",[{"src":"/images/180x101ori.jpg"},{"src":"/images/180x101ori.jpg"},{"src":"/images/180x101ori.jpg"}],"../content/projects/artist/mpps.md",
"rx-gallery","RX Gallery","Art and Technology Wine Bar","Gregory Cowley","2020-07-04T00:00:00.000Z","/images/1920x1080ori.jpg","design","rx-gallery","Find cool stuff and show it to people. I was like the idea of thinking of the letters \"Rx\" as an abbreviation for I \"receiver\", as in Rx/Tx, receiver and transmitter configuration. Our jobs as curators of the gallery Word to look out of the world and see what weird amazing unusual things not being represented and finding a way to fit them in the gallery. I'm Sure this is every Gallery school goal that everybody has their own agenda.",[{"src":"/images/180x101ori.jpg"},{"src":"/images/180x101ori.jpg"},{"src":"/images/180x101ori.jpg"}],"../content/projects/artist/rx-gallery.md",
"thetestproject","The TEST:Project","A subtitle","Gregory Cowley","2020-04-28T00:00:00.000Z","/images/1920x1080ori.jpg","design","the-test-project","Urna sociosqu quam ad scelerisque facilisi dapibus arcu lacinia, nullam torquent lectus semper sem lacus rhoncus integer, cubilia consequat nibh dignissim mollis ipsum eu. Nisi fames semper dis id tellus ut, sociosqu integer sollicitudin fringilla senectus eros cum, ornare mi nibh tortor facilisi. Venenatis semper lacus sagittis suspendisse sem tincidunt dolor fames, ad natoque sociis magna a tempus aptent curabitur proin, porta ipsum elementum hendrerit duis cras euismod.",[{"src":"/images/180x101ori.jpg"},{"src":"/images/180x101ori.jpg"},{"src":"/images/180x101ori.jpg"}],"../content/projects/artist/thetestproject.md",
"three-minute-picture-show","The Three-Minute Picture Show","An Un-Curated Film Festival","Gregory Cowley","2020-04-28T00:00:00.000Z","/images/1920x1080ori.jpg","design","3mps","Urna sociosqu quam ad scelerisque facilisi dapibus arcu lacinia, nullam torquent lectus semper sem lacus rhoncus integer, cubilia consequat nibh dignissim mollis ipsum eu. Nisi fames semper dis id tellus ut, sociosqu integer sollicitudin fringilla senectus eros cum, ornare mi nibh tortor facilisi. Venenatis semper lacus sagittis suspendisse sem tincidunt dolor fames, ad natoque sociis magna a tempus aptent curabitur proin, porta ipsum elementum hendrerit duis cras euismod.",[{"src":"/images/180x101ori.jpg"},{"src":"/images/180x101ori.jpg"},{"src":"/images/180x101ori.jpg"}],"../content/projects/artist/three-minute-picture-show.md",
"transcinema","Transcinema","An International New Media Festival Based in San Francisco","Gregory Cowley","2020-04-28T00:00:00.000Z","/images/1920x1080ori.jpg","design","transcinema","Create an audience and appreciation of a global group of new media artists. Appreciation of the arts is an acquired taste. The public needs to be educated on the importance of these experiences and the enjoyment these experiences can bring. Once a looks certain level of mainstream awareness is achieved dinner is opportunity for artists to support themselves.",[{"src":"/images/180x101ori.jpg"},{"src":"/images/180x101ori.jpg"},{"src":"/images/180x101ori.jpg"}],"../content/projects/artist/transcinema.md",
"audiofeast","Audiofeast",null,null,"A subtitle","Gregory Cowley","2020-04-28T00:00:00.000Z","/images/1920x1080.jpg","design","Audiofeast","Fermentum aliquam mi quisque aenean auctor risus interdum quam ac placerat duis penatibus, pulvinar ad mus vivamus leo at sem nullam nisl aliquet. Feugiat dis litora maecenas adipiscing cubilia vestibulum, purus nunc congue hendrerit sociosqu. Diam posuere lacus tincidunt commodo natoque lorem metus nec mollis, inceptos turpis luctus proin dapibus varius nunc nam mauris, sagittis aliquet sed nostra dignissim risus aenean volutpat.",[{"src":"/images/180x101ori.jpg"},{"src":"/images/180x101ori.jpg"},{"src":"/images/180x101ori.jpg"}],"../content/projects/audiofeast.md",
"blurb","Blurb",null,null,"A subtitle","Gregory Cowley","2020-04-28T00:00:00.000Z","/images/1920x1080.jpg","design","blurb","Fermentum aliquam mi quisque aenean auctor risus interdum quam ac placerat duis penatibus, pulvinar ad mus vivamus leo at sem nullam nisl aliquet. Feugiat dis litora maecenas adipiscing cubilia vestibulum, purus nunc congue hendrerit sociosqu. Diam posuere lacus tincidunt commodo natoque lorem metus nec mollis, inceptos turpis luctus proin dapibus varius nunc nam mauris, sagittis aliquet sed nostra dignissim risus aenean volutpat.",[{"src":"/images/180x101ori.jpg"},{"src":"/images/180x101ori.jpg"},{"src":"/images/180x101ori.jpg"}],"../content/projects/blurb.md",
"cks-apple-quicktime","Balance Table","A subtitle","Gregory Cowley","2020-04-28T00:00:00.000Z","/images/1920x1080.jpg","design","balance-table","A short description",[{"src":"/images/180x101ori.jpg"},{"src":"/images/180x101ori.jpg"},{"src":"/images/180x101ori.jpg"}],"../content/projects/cks-apple-quicktime.md",
"cks-appledesignportfolio","Balance Table",null,null,"A subtitle","Gregory Cowley","2020-04-28T00:00:00.000Z","/images/1920x1080.jpg","design","balance-table","A short description",[{"src":"/images/180x101ori.jpg"},{"src":"/images/180x101ori.jpg"},{"src":"/images/180x101ori.jpg"}],"../content/projects/wolfolins-fineartmuseums.md",
"cks-levis","Balance Table","A subtitle","Gregory Cowley","2020-04-28T00:00:00.000Z","/images/1920x1080.jpg","design","balance-table","A short description",[{"src":"/images/180x101ori.jpg"},{"src":"/images/180x101ori.jpg"},{"src":"/images/180x101ori.jpg"}],"../content/projects/cks-levis.md",
"cks-mattel","Balance Table","A subtitle","Gregory Cowley","2020-04-28T00:00:00.000Z","/images/1920x1080.jpg","design","balance-table","A short description",[{"src":"/images/180x101ori.jpg"},{"src":"/images/180x101ori.jpg"},{"src":"/images/180x101ori.jpg"}],"../content/projects/cks-mattel.md",
"cks-nikealphaproject","Balance Table",null,null,"A subtitle","Gregory Cowley","2020-04-28T00:00:00.000Z","/images/1920x1080.jpg","design","balance-table","A short description",[{"src":"/images/180x101ori.jpg"},{"src":"/images/180x101ori.jpg"},{"src":"/images/180x101ori.jpg"}],"../content/projects/cks-nikealphaproject.md",
"cks-quicktime","Balance Table",null,null,"A subtitle","Gregory Cowley","2020-04-28T00:00:00.000Z","/images/1920x1080.jpg","design","balance-table","A short description",[{"src":"/images/180x101ori.jpg"},{"src":"/images/180x101ori.jpg"},{"src":"/images/180x101ori.jpg"}],"../content/projects/wolfolins-fineartmuseums.md",
"cks-visa-rugby","Balance Table","A subtitle","Gregory Cowley","2020-04-28T00:00:00.000Z","/images/1920x1080.jpg","design","balance-table","A short description",[{"src":"/images/180x101ori.jpg"},{"src":"/images/180x101ori.jpg"},{"src":"/images/180x101ori.jpg"}],"../content/projects/cks-visa-rugby.md",
"compass-lumenetix","Balance Table",null,null,"A subtitle","Gregory Cowley","2020-04-28T00:00:00.000Z","/images/1920x1080.jpg","design","balance-table","A short description",[{"src":"/images/180x101ori.jpg"},{"src":"/images/180x101ori.jpg"},{"src":"/images/180x101ori.jpg"}],"../content/projects/compass-lumenetix.md",
"creativefocus","Balance Table",null,null,"A subtitle","Gregory Cowley","2020-04-28T00:00:00.000Z","/images/1920x1080.jpg","design","balance-table","A short description",[{"src":"/images/180x101ori.jpg"},{"src":"/images/180x101ori.jpg"},{"src":"/images/180x101ori.jpg"}],"../content/projects/wolfolins-fineartmuseums.md",
"dr-tingleton","Dr Tingleton",null,null,"A subtitle","Gregory Cowley","2020-04-28T00:00:00.000Z","/images/1920x1080ori.jpg","design","dr-tingleton","Fermentum aliquam mi quisque aenean auctor risus interdum quam ac placerat duis penatibus, pulvinar ad mus vivamus leo at sem nullam nisl aliquet. Feugiat dis litora maecenas adipiscing cubilia vestibulum, purus nunc congue hendrerit sociosqu. Diam posuere lacus tincidunt commodo natoque lorem metus nec mollis, inceptos turpis luctus proin dapibus varius nunc nam mauris, sagittis aliquet sed nostra dignissim risus aenean volutpat.",[{"src":"/images/180x101ori.jpg"},{"src":"/images/180x101ori.jpg"},{"src":"/images/180x101ori.jpg"}],"../content/projects/dr-tingleton.md",
"drdc-luminoxwatch","Balance Table",null,null,"A subtitle","Gregory Cowley","2020-04-28T00:00:00.000Z","/images/1920x1080.jpg","design","balance-table","A short description",[{"src":"/images/180x101ori.jpg"},{"src":"/images/180x101ori.jpg"},{"src":"/images/180x101ori.jpg"}],"../content/projects/wolfolins-fineartmuseums.md",
"drpepper-academyofcountrymusic","Academy of Country Music CDROM","Dr Pepper","Dr Pepper","A subtitle","Gregory Cowley","2020-04-28T00:00:00.000Z","/images/1920x1080.jpg","design","balance-table","A short description",[{"src":"/images/180x101ori.jpg"},{"src":"/images/180x101ori.jpg"},{"src":"/images/180x101ori.jpg"}],"../content/projects/drpepper-academyofcountrymusic.md",
"dynamic-emc-splatter","Balance Table",null,null,"A subtitle","Gregory Cowley","2020-04-28T00:00:00.000Z","/images/1920x1080.jpg","design","balance-table","A short description",[{"src":"/images/180x101ori.jpg"},{"src":"/images/180x101ori.jpg"},{"src":"/images/180x101ori.jpg"}],"../content/projects/dynamic-emc-splatter.md",
"elixir-opesadvisors","Balance Table","A subtitle","Gregory Cowley","2020-04-28T00:00:00.000Z","/images/1920x1080.jpg","design","balance-table","A short description",[{"src":"/images/180x101ori.jpg"},{"src":"/images/180x101ori.jpg"},{"src":"/images/180x101ori.jpg"}],"../content/projects/elixir-opesadvisors.md",
"fine-design-stagsleapwinery","Balance Table",null,null,"A subtitle","Gregory Cowley","2020-04-28T00:00:00.000Z","/images/1920x1080.jpg","design","balance-table","A short description",[{"src":"/images/180x101ori.jpg"},{"src":"/images/180x101ori.jpg"},{"src":"/images/180x101ori.jpg"}],"../content/projects/fine-design-stagsleapwinery.md",
"fitdeck","Fitdeck","Perfect Fitness","Perfect Fitness","A subtitle","Gregory Cowley","2020-04-28T00:00:00.000Z","/images/1920x1080.jpg","design","balance-table","A short description",[{"src":"/images/180x101ori.jpg"},{"src":"/images/180x101ori.jpg"},{"src":"/images/180x101ori.jpg"}],"../content/projects/fitdeck.md",
"flax-media-pbs","PBS Video Browser","PBS","Flax Media","A subtitle","Gregory Cowley","2020-04-28T00:00:00.000Z","/images/1920x1080.jpg","design","balance-table","A short description",[{"src":"/images/180x101ori.jpg"},{"src":"/images/180x101ori.jpg"},{"src":"/images/180x101ori.jpg"}],"../content/projects/flax-media-pbs.md",
"fuseproject-briggo","Briggo Coffee Kiosk","Briggo","fuseproject","A subtitle","Gregory Cowley","2020-04-28T00:00:00.000Z","/images/1920x1080.jpg","design","balance-table","A short description",[{"src":"/images/180x101ori.jpg"},{"src":"/images/180x101ori.jpg"},{"src":"/images/180x101ori.jpg"}],"../content/projects/fuseproject-briggo.md",
"gilmourcraves","Balance Table",null,null,"A subtitle","Gregory Cowley","2020-04-28T00:00:00.000Z","/images/1920x1080.jpg","design","balance-table","A short description",[{"src":"/images/180x101ori.jpg"},{"src":"/images/180x101ori.jpg"},{"src":"/images/180x101ori.jpg"}],"../content/projects/gilmourcraves.md",
"gmotionstudios","gMotion Studios",null,null,"A subtitle","Gregory Cowley","2020-04-28T00:00:00.000Z","/images/1920x1080.jpg","design","gmotionstudios","A short description",[{"src":"/images/180x101ori.jpg"},{"src":"/images/180x101ori.jpg"},{"src":"/images/180x101ori.jpg"}],"../content/projects/gmotionstudios.md",
"gregory-cowleystudios","Gregory Cowley Studios",null,null,"A subtitle","Gregory Cowley","2020-04-28T00:00:00.000Z","/images/1920x1080.jpg","design","gregorycywleystudios","A short description",[{"src":"/images/180x101ori.jpg"},{"src":"/images/180x101ori.jpg"},{"src":"/images/180x101ori.jpg"}],"../content/projects/gregory-cowleystudios.md",
"hong-kong","Balance Table","A subtitle","Gregory Cowley","2020-04-28T00:00:00.000Z","/images/1920x1080.jpg","design","balance-table","A short description",[{"src":"/images/180x101ori.jpg"},{"src":"/images/180x101ori.jpg"},{"src":"/images/180x101ori.jpg"}],"../content/projects/hong-kong.md",
"ideo-chaseconcepts","IDEO Chase Concepts",null,null,"A subtitle","Gregory Cowley","2020-04-28T00:00:00.000Z","/images/1920x1080.jpg","design","ideo-chase-concepts","A short description",[{"src":"/images/180x101ori.jpg"},{"src":"/images/180x101ori.jpg"},{"src":"/images/180x101ori.jpg"}],"../content/projects/ideo-chaseconcepts.md",
"ideo-hp-timeline","Balance Table",null,null,"A subtitle","Gregory Cowley","2020-04-28T00:00:00.000Z","/images/1920x1080.jpg","design","balance-table","A short description",[{"src":"/images/180x101ori.jpg"},{"src":"/images/180x101ori.jpg"},{"src":"/images/180x101ori.jpg"}],"../content/projects/ideo-hp-timeline.md",
"ideo-intel-zephyros","Balance Table",null,null,"A subtitle","Gregory Cowley","2020-04-28T00:00:00.000Z","/images/1920x1080.jpg","design","balance-table","A short description",[{"src":"/images/180x101ori.jpg"},{"src":"/images/180x101ori.jpg"},{"src":"/images/180x101ori.jpg"}],"../content/projects/ideo-intel-zephyros.md",
"ideo-intelinterfaces","Intel Interfaces",null,null,"A subtitle","Gregory Cowley","2020-04-28T00:00:00.000Z","/images/1920x1080.jpg","design","intel-interfaces","A short description",[{"src":"/images/180x101ori.jpg"},{"src":"/images/180x101ori.jpg"},{"src":"/images/180x101ori.jpg"}],"../content/projects/ideo-intelinterfaces.md",
"ideo-newyears","IDEO New Years",null,null,"A subtitle","Gregory Cowley","2020-04-28T00:00:00.000Z","/images/1920x1080.jpg","design","idea-new-years","A short description",[{"src":"/images/180x101ori.jpg"},{"src":"/images/180x101ori.jpg"},{"src":"/images/180x101ori.jpg"}],"../content/projects/ideo-newyears.md",
"ideo-thoughtless-acts","../content/projects/ideo-thoughtless-acts.md",
"intuit","Balance Table","A subtitle","Gregory Cowley","2020-04-28T00:00:00.000Z","/images/1920x1080.jpg","design","balance-table","A short description",[{"src":"/images/180x101ori.jpg"},{"src":"/images/180x101ori.jpg"},{"src":"/images/180x101ori.jpg"}],"../content/projects/intuit.md",
"juicystock","Juicystock.com","Juicystock.com","Juicystock.com","A subtitle","Gregory Cowley","2020-04-28T00:00:00.000Z","/images/1920x1080.jpg","design","balance-table","A short description",[{"src":"/images/180x101ori.jpg"},{"src":"/images/180x101ori.jpg"},{"src":"/images/180x101ori.jpg"}],"../content/projects/juicystock.md",
"lunafest","../content/projects/lunafest.md",
"macromedia","../content/projects/macromedia.md",
"mad-ibm-db2","Balance Table",null,null,"A subtitle","Gregory Cowley","2020-04-28T00:00:00.000Z","/images/1920x1080.jpg","design","balance-table","A short description",[{"src":"/images/180x101ori.jpg"},{"src":"/images/180x101ori.jpg"},{"src":"/images/180x101ori.jpg"}],"../content/projects/wolfolins-fineartmuseums.md",
"motorola-chameleon","Balance Table",null,null,"A subtitle","Gregory Cowley","2020-04-28T00:00:00.000Z","/images/1920x1080.jpg","design","balance-table","A short description",[{"src":"/images/180x101ori.jpg"},{"src":"/images/180x101ori.jpg"},{"src":"/images/180x101ori.jpg"}],"../content/projects/wolfolins-fineartmuseums.md",
"odopod-hpadbanners","Balance Table",null,null,"A subtitle","Gregory Cowley","2020-04-28T00:00:00.000Z","/images/1920x1080.jpg","design","balance-table","A short description",[{"src":"/images/180x101ori.jpg"},{"src":"/images/180x101ori.jpg"},{"src":"/images/180x101ori.jpg"}],"../content/projects/wolfolins-fineartmuseums.md",
"odopod-intelpentium3","Intel Pentium 3",null,null,"A subtitle","Gregory Cowley","2020-04-28T00:00:00.000Z","/images/1920x1080.jpg","design","intel-pentium-3","A short description",[{"src":"/images/180x101ori.jpg"},{"src":"/images/180x101ori.jpg"},{"src":"/images/180x101ori.jpg"}],"../content/projects/odopod-intelpentium3.md",
"odopod-nikeskateboarding","../content/projects/odopod-nikeskateboarding.md",
"oreilly-safariu","Balance Table",null,null,"A subtitle","Gregory Cowley","2020-04-28T00:00:00.000Z","/images/1920x1080.jpg","design","balance-table","A short description",[{"src":"/images/180x101ori.jpg"},{"src":"/images/180x101ori.jpg"},{"src":"/images/180x101ori.jpg"}],"../content/projects/oreilly-safariu.md",
"photo-adobe","Balance Table","A subtitle","Gregory Cowley","2020-04-28T00:00:00.000Z","/images/1920x1080.jpg","design","balance-table","A short description",[{"src":"/images/180x101ori.jpg"},{"src":"/images/180x101ori.jpg"},{"src":"/images/180x101ori.jpg"}],"../content/projects/photo-adobe.md",
"photo-architect-magazine","Balance Table","A subtitle","Gregory Cowley","2020-04-28T00:00:00.000Z","/images/1920x1080.jpg","design","balance-table","A short description",[{"src":"/images/180x101ori.jpg"},{"src":"/images/180x101ori.jpg"},{"src":"/images/180x101ori.jpg"}],"../content/projects/photo-architect-magazine.md",
"photo-kenwood","Balance Table","A subtitle","Gregory Cowley","2020-04-28T00:00:00.000Z","/images/1920x1080.jpg","design","balance-table","A short description",[{"src":"/images/180x101ori.jpg"},{"src":"/images/180x101ori.jpg"},{"src":"/images/180x101ori.jpg"}],"../content/projects/photo-kenwood.md",
"photo-michael-chiarello","Balance Table","A subtitle","Gregory Cowley","2020-04-28T00:00:00.000Z","/images/1920x1080.jpg","design","balance-table","A short description",[{"src":"/images/180x101ori.jpg"},{"src":"/images/180x101ori.jpg"},{"src":"/images/180x101ori.jpg"}],"../content/projects/photo-michael-chiarello.md",
"photo-ogilvy-one","Balance Table",null,null,"A subtitle","Gregory Cowley","2020-04-28T00:00:00.000Z","/images/1920x1080.jpg","design","balance-table","A short description",[{"src":"/images/180x101ori.jpg"},{"src":"/images/180x101ori.jpg"},{"src":"/images/180x101ori.jpg"}],"../content/projects/photo-ogilvy-one.md",
"photo-overland-equipment","Balance Table","A subtitle","Gregory Cowley","2020-04-28T00:00:00.000Z","/images/1920x1080.jpg","design","balance-table","A short description",[{"src":"/images/180x101ori.jpg"},{"src":"/images/180x101ori.jpg"},{"src":"/images/180x101ori.jpg"}],"../content/projects/photo-overland-equipment.md",
"photo-selectquote","Balance Table","A subtitle","Gregory Cowley","2020-04-28T00:00:00.000Z","/images/1920x1080.jpg","design","balance-table","A short description",[{"src":"/images/180x101ori.jpg"},{"src":"/images/180x101ori.jpg"},{"src":"/images/180x101ori.jpg"}],"../content/projects/photo-selectquote.md",
"photo-sequoia","Balance Table","A subtitle","Gregory Cowley","2020-04-28T00:00:00.000Z","/images/1920x1080.jpg","design","balance-table","A short description",[{"src":"/images/180x101ori.jpg"},{"src":"/images/180x101ori.jpg"},{"src":"/images/180x101ori.jpg"}],"../content/projects/photo-sequoia.md",
"photo-sfmoma","Balance Table","A subtitle","Gregory Cowley","2020-04-28T00:00:00.000Z","/images/1920x1080.jpg","design","balance-table","A short description",[{"src":"/images/180x101ori.jpg"},{"src":"/images/180x101ori.jpg"},{"src":"/images/180x101ori.jpg"}],"../content/projects/photo-sfmoma.md",
"photo-skanska","Balance Table","A subtitle","Gregory Cowley","2020-04-28T00:00:00.000Z","/images/1920x1080.jpg","design","balance-table","A short description",[{"src":"/images/180x101ori.jpg"},{"src":"/images/180x101ori.jpg"},{"src":"/images/180x101ori.jpg"}],"../content/projects/photo-skanska.md",
"photo-smartrise","Balance Table","A subtitle","Gregory Cowley","2020-04-28T00:00:00.000Z","/images/1920x1080.jpg","design","balance-table","A short description",[{"src":"/images/180x101ori.jpg"},{"src":"/images/180x101ori.jpg"},{"src":"/images/180x101ori.jpg"}],"../content/projects/photo-smartrise.md",
"photo-snibbe-interactive","Balance Table","A subtitle","Gregory Cowley","2020-04-28T00:00:00.000Z","/images/1920x1080.jpg","design","balance-table","A short description",[{"src":"/images/180x101ori.jpg"},{"src":"/images/180x101ori.jpg"},{"src":"/images/180x101ori.jpg"}],"../content/projects/photo-snibbe-interactive.md",
"photo-stochasticlabs","Balance Table","A subtitle","Gregory Cowley","2020-04-28T00:00:00.000Z","/images/1920x1080.jpg","design","balance-table","A short description",[{"src":"/images/180x101ori.jpg"},{"src":"/images/180x101ori.jpg"},{"src":"/images/180x101ori.jpg"}],"../content/projects/photo-stochasticlabs.md",
"photo-superlawyers","Balance Table","A subtitle","Gregory Cowley","2020-04-28T00:00:00.000Z","/images/1920x1080.jpg","design","balance-table","A short description",[{"src":"/images/180x101ori.jpg"},{"src":"/images/180x101ori.jpg"},{"src":"/images/180x101ori.jpg"}],"../content/projects/photo-superlawyers.md",
"photo-the-sak","Balance Table","A subtitle","Gregory Cowley","2020-04-28T00:00:00.000Z","/images/1920x1080.jpg","design","balance-table","A short description",[{"src":"/images/180x101ori.jpg"},{"src":"/images/180x101ori.jpg"},{"src":"/images/180x101ori.jpg"}],"../content/projects/photo-the-sak.md",
"photo-university-games","Balance Table","A subtitle","Gregory Cowley","2020-04-28T00:00:00.000Z","/images/1920x1080.jpg","design","balance-table","A short description",[{"src":"/images/180x101ori.jpg"},{"src":"/images/180x101ori.jpg"},{"src":"/images/180x101ori.jpg"}],"../content/projects/photo-university-games.md",
"photo-usa-today","Balance Table","A subtitle","Gregory Cowley","2020-04-28T00:00:00.000Z","/images/1920x1080.jpg","design","balance-table","A short description",[{"src":"/images/180x101ori.jpg"},{"src":"/images/180x101ori.jpg"},{"src":"/images/180x101ori.jpg"}],"../content/projects/photo-usa-today.md",
"photoworks","Balance Table",null,null,"A subtitle","Gregory Cowley","2020-04-28T00:00:00.000Z","/images/1920x1080.jpg","design","balance-table","A short description",[{"src":"/images/180x101ori.jpg"},{"src":"/images/180x101ori.jpg"},{"src":"/images/180x101ori.jpg"}],"../content/projects/photoworks.md",
"punchcut-cingulardeveloperstool","Balance Table",null,null,"A subtitle","Gregory Cowley","2020-04-28T00:00:00.000Z","/images/1920x1080.jpg","design","balance-table","A short description",[{"src":"/images/180x101ori.jpg"},{"src":"/images/180x101ori.jpg"},{"src":"/images/180x101ori.jpg"}],"../content/projects/punchcut-cingulardeveloperstool.md",
"punchcut-dwellvisualizer","Balance Table",null,null,"A subtitle","Gregory Cowley","2020-04-28T00:00:00.000Z","/images/1920x1080.jpg","design","balance-table","A short description",[{"src":"/images/180x101ori.jpg"},{"src":"/images/180x101ori.jpg"},{"src":"/images/180x101ori.jpg"}],"../content/projects/punchcut-dwellvisualizer.md",
"raspberry-pis","Raspberry Pi Projects",null,null,"A subtitle","Gregory Cowley","2020-04-28T00:00:00.000Z","/images/1920x1080.jpg","design","raspberry-pi","A short description",[{"src":"/images/180x101ori.jpg"},{"src":"/images/180x101ori.jpg"},{"src":"/images/180x101ori.jpg"}],"../content/projects/raspberry-pis.md",
"razorfish-hondausa","Balance Table",null,null,"A subtitle","Gregory Cowley","2020-04-28T00:00:00.000Z","/images/1920x1080.jpg","design","balance-table","A short description",[{"src":"/images/180x101ori.jpg"},{"src":"/images/180x101ori.jpg"},{"src":"/images/180x101ori.jpg"}],"../content/projects/razorfish-hondausa.md",
"razorfish-microsoftfrontpage","Microsoft Front Page",null,null,"A subtitle","Gregory Cowley","2020-04-28T00:00:00.000Z","/images/1920x1080.jpg","design","razorfish-microsoftfrontpage","A short description",[{"src":"/images/180x101ori.jpg"},{"src":"/images/180x101ori.jpg"},{"src":"/images/180x101ori.jpg"}],"../content/projects/razorfish-microsoftfrontpage.md",
"ricoh-labs-logo","Balance Table","A subtitle","Gregory Cowley","2020-04-28T00:00:00.000Z","/images/1920x1080.jpg","design","balance-table","A short description",[{"src":"/images/180x101ori.jpg"},{"src":"/images/180x101ori.jpg"},{"src":"/images/180x101ori.jpg"}],"../content/projects/ricoh-labs-logo.md",
"rocketlawyer","Balance Table",null,null,"A subtitle","Gregory Cowley","2020-04-28T00:00:00.000Z","/images/1920x1080.jpg","design","balance-table","A short description",[{"src":"/images/180x101ori.jpg"},{"src":"/images/180x101ori.jpg"},{"src":"/images/180x101ori.jpg"}],"../content/projects/wolfolins-fineartmuseums.md",
"simplestar","Balance Table",null,null,"A subtitle","Gregory Cowley","2020-04-28T00:00:00.000Z","/images/1920x1080.jpg","design","balance-table","A short description",[{"src":"/images/180x101ori.jpg"},{"src":"/images/180x101ori.jpg"},{"src":"/images/180x101ori.jpg"}],"../content/projects/simplestar.md",
"spcontrols","Balance Table",null,null,"A subtitle","Gregory Cowley","2020-04-28T00:00:00.000Z","/images/1920x1080.jpg","design","balance-table","A short description",[{"src":"/images/180x101ori.jpg"},{"src":"/images/180x101ori.jpg"},{"src":"/images/180x101ori.jpg"}],"../content/projects/wolfolins-fineartmuseums.md",
"teak-wantedsanta","Balance Table",null,null,"A subtitle","Gregory Cowley","2020-04-28T00:00:00.000Z","/images/1920x1080.jpg","design","balance-table","A short description",[{"src":"/images/180x101ori.jpg"},{"src":"/images/180x101ori.jpg"},{"src":"/images/180x101ori.jpg"}],"../content/projects/teak-wantedsanta.md",
"voicebase","Balance Table","A subtitle","Gregory Cowley","2020-04-28T00:00:00.000Z","/images/1920x1080.jpg","design","balance-table","A short description",[{"src":"/images/180x101ori.jpg"},{"src":"/images/180x101ori.jpg"},{"src":"/images/180x101ori.jpg"}],"../content/projects/voicebase.md",
"voicebox","Voicebase","A subtitle","Gregory Cowley","2020-04-28T00:00:00.000Z","/images/1920x1080.jpg","design","v  oicebase","Fermentum aliquam mi quisque aenean auctor risus interdum quam ac placerat duis penatibus, pulvinar ad mus vivamus leo at sem nullam nisl aliquet. Feugiat dis litora maecenas adipiscing cubilia vestibulum, purus nunc congue hendrerit sociosqu. Diam posuere lacus tincidunt commodo natoque lorem metus nec mollis, inceptos turpis luctus proin dapibus varius nunc nam mauris, sagittis aliquet sed nostra dignissim risus aenean volutpat.",[{"src":"/images/180x101ori.jpg"},{"src":"/images/180x101ori.jpg"},{"src":"/images/180x101ori.jpg"}],"../content/projects/voicebox.md",
"wolfolins-fineartmuseums","Balance Table",null,null,"A subtitle","Gregory Cowley","2020-04-28T00:00:00.000Z","/images/1920x1080.jpg","design","balance-table","A short description",[{"src":"/images/180x101ori.jpg"},{"src":"/images/180x101ori.jpg"},{"src":"/images/180x101ori.jpg"}],"../content/projects/wolfolins-fineartmuseums.md",
"0_role","../content/resume/0_role.md",
"1_skills","../content/resume/1_skills.md",
"2_experience","../content/resume/2_experience.md",
"3_education","../content/resume/3_education.md",
"clients","../content/sidebars/clients.md",
"tools","../content/sidebars/tools.md",
"contact-info","../content/skills/contact-info.md",
"head-info","../content/skills/head-info.md",
"sp-index-1","../content/skills/sp-index-1.md",
"sp-index-2","../content/skills/sp-index-2.md",
"sp-index-3","../content/skills/sp-index-3.md",
