3mps.md,3MPS
4by6.md,4by6
photo-adobe.md,Adobe
blurb.md,BlurbBookify
branding.md,Branding
fuseproject-briggo.md,Briggo
cavallopoint.md,CavalloPoint
cca.md,CCA
chronopolis.md,Chronopolis
punchcut-cingulardeveloperstool.md,Cingular
cms.md,CMS
cowleystudios.md,CowleyStudios
disneyvmk.md,DisneyVMK
doceri.md,Doceri
drpepper-academyofcountrymusic.md,DrPepper
dr-tingleton.md,DrTingleton
punchcut-dwellvisualizer.md,DwellVisualizer
exploratorium.md,Exploratorium
wolfolins-fineartmuseums.md,FAMSF
fitdeck.md,FitDeck
razorfish-hondausa.md,HondaNSX
hpgarage.md,HPGarage
mad-ibm-db2.md,IBMDB2
ideo-intelinterfaces.md,IDEOInterfaces
ideo-newyears.md,IDEONewYear
landor.md,Landor
drdc-luminoxwatch.md,Luminox
macromedia.md,Macromedia
motorola-chameleon.md,Motorola
odopod-nikeskateboarding.md,NikeSkateboarding
3feet-openwave.md,Openwave
elixir-opesadvisors.md,OpesAdvisors
ouya.md,Ouya
flax-media-pbs.md,PBSMediaPlayer
photoworks.md,Photoworks
cks-apple-quicktime.md,Quicktime
rocketlawyer.md,RocketLawyer
rxgallery.md,RXGallery
oreilly-safariu.md,SafariU
spcontrols.md,SPControls
photo-the-sak.md,TheSak
thetestproject.md,TheTESTProject
voicebase.md,Voicebase
teak-wantedsanta.md,WantedSanta
wineries.md,Wineries
ideo-intel-zephyros.md,Zephyros
0-selectprojects.md,null
11inc-thedoctorscompany.md,null
300feetout-shantimaurice.md,null
3feetofftheground.md,null
allergybookcompany.md,null
audiofeast.md,null
cks-appledesignportfolio.md,null
cks-levis.md,null
cks-mattel.md,null
cks-nikealphaproject.md,null
cks-quicktime.md,null
cks-visa-rugby.md,null
compass-lumenetix.md,null
creativefocus.md,null
dynamic-emc-splatter.md,null
fine-design-stagsleapwinery.md,null
gilmourcraves.md,null
gmotionstudios.md,null
gregory-cowleystudios.md,null
hong-kong.md,null
ideo-chaseconcepts.md,null
ideo-hp-timeline.md,null
ideo-thoughtless-acts.md,null
intuit.md,null
juicystock.md,null
lunafest.md,null
odopod-hpadbanners.md,null
odopod-intelpentium3.md,null
photo-architect-magazine.md,null
photo-kenwood.md,null
photo-michael-chiarello.md,null
photo-ogilvy-one.md,null
photo-overland-equipment.md,null
photo-selectquote.md,null
photo-sequoia.md,null
photo-sfmoma.md,null
photo-skanska.md,null
photo-smartrise.md,null
photo-snibbe-interactive.md,null
photo-stochasticlabs.md,null
photo-superlawyers.md,null
photo-university-games.md,null
photo-usa-today.md,null
raspberry-pis.md,null
razorfish-microsoftfrontpage.md,null
ricoh-labs-logo.md,null
simplestar.md,null
voicebox.md,null